lower,med,upper,param,tree,tiptypes,prop,multiplier
1.0019807308441546,1.6729439416287306,7.8851379406349835,ReMultiplier,tree0,no,0,1
0.0437939426557224,0.739284113406532,0.9987425800610977,SSFrac,tree0,no,0,1
1.4983225331521017,1.5652373608501007,1.644833346588538,Re,tree0,no,0,1
1.0418973778839187,2.366349158383888,11.203937935452204,ReMultiplier,tree10,no,0,1
0.013408222977133356,0.5994815740008221,0.9490427994115792,SSFrac,tree10,no,0,1
1.3805030729186691,1.4428188826573949,1.5177550359999885,Re,tree10,no,0,1
1.0019683511074011,1.8517056070775446,9.251396149820422,ReMultiplier,tree11,no,0,1
0.0301291012912142,0.6765489877788358,0.9982471671368613,SSFrac,tree11,no,0,1
1.4592773745199985,1.5352445862635602,1.6010501817438743,Re,tree11,no,0,1
1.0084490196953666,2.1931528006370153,10.755592138718931,ReMultiplier,tree12,no,0,1
0.05460832862472878,0.6814360772007786,0.9993727265539989,SSFrac,tree12,no,0,1
1.4387159538891914,1.5119606437848414,1.573297557279761,Re,tree12,no,0,1
1.0037602726564356,2.1486599965546542,10.826193136944264,ReMultiplier,tree13,no,0,1
0.04358104352679375,0.6808134367371963,0.9992688871405999,SSFrac,tree13,no,0,1
1.4196187112227852,1.4917462032056923,1.5651350081160937,Re,tree13,no,0,1
1.0012683920811574,2.9225345346202896,11.306875340610478,ReMultiplier,tree14,no,0,1
0.009414764784900637,0.44977912699618405,0.9127953550253639,SSFrac,tree14,no,0,1
1.401267501801004,1.4750988712908808,1.5530234930697944,Re,tree14,no,0,1
1.00420547933729,1.920266131741991,11.668648231571204,ReMultiplier,tree15,no,0,1
0.023399685682213397,0.7286922191918106,0.999752672183454,SSFrac,tree15,no,0,1
1.434811668991609,1.4999793641783838,1.5739516941912821,Re,tree15,no,0,1
1.001308840334931,2.2991720658944366,13.307398832944042,ReMultiplier,tree16,no,0,1
0.0321157814197605,0.7719915186907335,0.9870073155739147,SSFrac,tree16,no,0,1
1.4324564670319098,1.5092004861687842,1.5743147557652237,Re,tree16,no,0,1
1.0161009271922101,3.0532691984442892,9.665959673701312,ReMultiplier,tree17,no,0,1
0.05324754665573247,0.524442178064813,0.9495568088057195,SSFrac,tree17,no,0,1
1.4031615819582983,1.4735894352702579,1.5483827677962936,Re,tree17,no,0,1
1.0428110541951916,3.0981758805989177,13.070458101061208,ReMultiplier,tree18,no,0,1
0.003776696446206248,0.5928102525813962,0.9387559450354649,SSFrac,tree18,no,0,1
1.4329584875473744,1.5073353799856415,1.5783083118586727,Re,tree18,no,0,1
1.003012350077148,2.3464263367028666,8.1669475145172,ReMultiplier,tree19,no,0,1
0.00559202825064673,0.4697187145759967,0.9690061167603247,SSFrac,tree19,no,0,1
1.4351310961122443,1.5072469573552962,1.5788110304383698,Re,tree19,no,0,1
1.000485699462793,3.8218932646610297,12.31460504025172,ReMultiplier,tree1,no,0,1
0.09461264726506373,0.4945534305194764,0.9298264287384588,SSFrac,tree1,no,0,1
1.4334845700127141,1.5114644777931432,1.592256692783144,Re,tree1,no,0,1
1.0040197008857144,1.8899321136060223,8.404949056867727,ReMultiplier,tree20,no,0,1
0.020521679350246538,0.7440920687964315,0.9981715203004018,SSFrac,tree20,no,0,1
1.4671010139427636,1.5361145915708831,1.6159437043770748,Re,tree20,no,0,1
1.0033692403561254,1.8896343702462417,11.68450929485373,ReMultiplier,tree21,no,0,1
0.029106512805285475,0.7258445774748583,0.9959830251171172,SSFrac,tree21,no,0,1
1.4481732433192607,1.5218506025728225,1.5977378117408745,Re,tree21,no,0,1
1.000444764723562,4.511222098836486,15.261127181368325,ReMultiplier,tree22,no,0,1
0.0017597834522411714,0.3795092031337204,0.9271870325623155,SSFrac,tree22,no,0,1
0.23310196324727833,1.075176224269088,2.267368199649168,Re,tree22,no,0,1
1.0005913270902145,3.8027658644235487,15.226414205958381,ReMultiplier,tree23,no,0,1
0.008464411827865151,0.43267967394798157,0.9502276608473457,SSFrac,tree23,no,0,1
0.18193393152139242,1.4778927890413613,2.7764838378417362,Re,tree23,no,0,1
1.0059204511507231,1.948817676184454,10.974635262655417,ReMultiplier,tree24,no,0,1
8.309387864649794e-4,0.7004883812292948,0.974935938630705,SSFrac,tree24,no,0,1
1.4151753396159257,1.4843707153367158,1.5490034562816677,Re,tree24,no,0,1
1.0058029643702855,2.076436021453895,11.343435200187498,ReMultiplier,tree25,no,0,1
0.013869024293184162,0.66987528552235,0.9864892361355099,SSFrac,tree25,no,0,1
1.4580862411443702,1.5356172985417205,1.6179429319515204,Re,tree25,no,0,1
1.003959915400904,2.361952251422749,10.046690884415737,ReMultiplier,tree26,no,0,1
0.001822795893441048,0.586987749388263,0.9581177108577367,SSFrac,tree26,no,0,1
1.449774453291112,1.5183380412375427,1.5975286294151325,Re,tree26,no,0,1
1.035666274000915,3.5636060406171466,16.419224733333696,ReMultiplier,tree27,no,0,1
0.05387396408818809,0.6140985411666828,0.9599622803482628,SSFrac,tree27,no,0,1
1.4693614785461653,1.547736824750149,1.615400409272915,Re,tree27,no,0,1
1.0012995485605694,1.6451686132289312,9.425632916536955,ReMultiplier,tree28,no,0,1
0.03205073324256819,0.6577072994129765,0.9999722887384855,SSFrac,tree28,no,0,1
1.4328688657677475,1.5097511894350861,1.5832741196034417,Re,tree28,no,0,1
1.0231121075621759,2.5958556472027903,11.105538237639973,ReMultiplier,tree29,no,0,1
0.006738948481634573,0.5810381998814287,0.9646407621359513,SSFrac,tree29,no,0,1
1.4062274217629245,1.4799653614237451,1.5510011051439105,Re,tree29,no,0,1
1.0002457379397174,2.4364267432465865,10.565111537138959,ReMultiplier,tree2,no,0,1
9.430063711584123e-4,0.6962207773587481,0.9769280130352014,SSFrac,tree2,no,0,1
1.4593011092117858,1.5230454204697037,1.5909865341714784,Re,tree2,no,0,1
1.0006163197800857,3.0253393196062954,12.80071192257652,ReMultiplier,tree30,no,0,1
0.13660726327541958,0.6814917171078384,0.9988826409741677,SSFrac,tree30,no,0,1
1.401252939198945,1.4891986900548562,1.5515834816417955,Re,tree30,no,0,1
1.04247316708851,4.48285749450464,17.782763068909592,ReMultiplier,tree31,no,0,1
0.11520736151408273,0.594675584680833,0.9620212445789836,SSFrac,tree31,no,0,1
1.3846407681299107,1.4577955649148917,1.5345349069731882,Re,tree31,no,0,1
1.0104934729044603,1.9239750761099117,11.151974807697703,ReMultiplier,tree32,no,0,1
0.038357718452530117,0.6980164880542183,0.9985008334969471,SSFrac,tree32,no,0,1
1.4013408480973197,1.4771763292316424,1.5486262091691245,Re,tree32,no,0,1
1.0124150888064034,2.8572985640516566,8.469189873504126,ReMultiplier,tree33,no,0,1
0.00873042161010744,0.42495709157461803,0.9514210294662011,SSFrac,tree33,no,0,1
1.4893608739013298,1.5778844166606234,1.6547413143140757,Re,tree33,no,0,1
1.002415361107838,1.791101345626657,10.664508687871084,ReMultiplier,tree34,no,0,1
0.02207643631647965,0.7368026319280878,0.9993284055678914,SSFrac,tree34,no,0,1
1.3992916018571362,1.4652071976213399,1.5416392721468566,Re,tree34,no,0,1
1.0065463647959623,4.231603993701986,15.675585709267018,ReMultiplier,tree35,no,0,1
0.0044637910365737995,0.43091917293526405,0.9269938919821125,SSFrac,tree35,no,0,1
0.22725438221250052,1.492921220815379,3.454925184035553,Re,tree35,no,0,1
1.0021955978408936,1.7821416026693098,8.803112083101862,ReMultiplier,tree36,no,0,1
0.03217282562810854,0.7197949018650465,0.9982899605977487,SSFrac,tree36,no,0,1
1.4219675642216554,1.4833156659340159,1.5418686120113763,Re,tree36,no,0,1
1.00574401383708,1.5717231845846968,8.764713027504808,ReMultiplier,tree37,no,0,1
0.005356574719372017,0.7007728620722911,0.9862852167122792,SSFrac,tree37,no,0,1
1.434539625895495,1.5119001462569708,1.5745430689503164,Re,tree37,no,0,1
1.0018130584886449,2.268076089028188,9.001214155668976,ReMultiplier,tree38,no,0,1
5.870559574578273e-4,0.5598123393045581,0.9676047207382434,SSFrac,tree38,no,0,1
1.4173176436104995,1.4811882900217705,1.5561724521472338,Re,tree38,no,0,1
1.0010578581120575,4.244483477285403,15.764817629615962,ReMultiplier,tree39,no,0,1
4.336154170019578e-4,0.44270230480971584,0.9452992146364261,SSFrac,tree39,no,0,1
0.12005299286139312,0.8725220879646224,2.4441609453954145,Re,tree39,no,0,1
1.0057387519000136,2.514817843440684,12.794144229279556,ReMultiplier,tree3,no,0,1
0.06612088915986312,0.7361542326815184,0.9951074629992938,SSFrac,tree3,no,0,1
1.4490044897166028,1.5265120986397689,1.5954844291569472,Re,tree3,no,0,1
1.0045349164769921,1.766120745356187,6.887487948590143,ReMultiplier,tree40,no,0,1
9.171280069618121e-4,0.515710985426304,0.9786058543714264,SSFrac,tree40,no,0,1
1.4096172760935164,1.4827960980691297,1.552286383569202,Re,tree40,no,0,1
1.0006339499047636,1.7307264157677869,10.751486834199111,ReMultiplier,tree41,no,0,1
0.025490475798195966,0.6421468640736449,0.997781078097357,SSFrac,tree41,no,0,1
1.4371185482925144,1.5198836937321563,1.601726397771159,Re,tree41,no,0,1
1.001199830368138,2.0556513888437893,8.337020127193902,ReMultiplier,tree42,no,0,1
0.03042721147912152,0.613887717044394,0.9962360693110532,SSFrac,tree42,no,0,1
1.4746884640370281,1.5425053454809805,1.6197696546757674,Re,tree42,no,0,1
1.0138225292991312,1.9440653547911728,8.969649101138122,ReMultiplier,tree43,no,0,1
0.0644831316134023,0.735826898238284,0.9953095519708298,SSFrac,tree43,no,0,1
1.383789893137164,1.4486116616635665,1.5268966963022235,Re,tree43,no,0,1
1.002291124421804,2.112831534450872,11.910726097290775,ReMultiplier,tree44,no,0,1
0.03921707606206591,0.690328077386485,0.9943562029329771,SSFrac,tree44,no,0,1
1.4340103254396384,1.5058011624472825,1.5728541851820026,Re,tree44,no,0,1
1.0043393712422208,1.958386917568731,14.332187470215217,ReMultiplier,tree45,no,0,1
0.025010726640234127,0.7063987541816944,0.9995654292732179,SSFrac,tree45,no,0,1
1.4118397084875598,1.473202132376088,1.5504813940544508,Re,tree45,no,0,1
1.0090402727374714,2.698726176208523,12.579713154551428,ReMultiplier,tree46,no,0,1
1.2723819379536032e-4,0.653369667799657,0.9631435256029324,SSFrac,tree46,no,0,1
1.4022897033662716,1.4726668940419585,1.5425133767397536,Re,tree46,no,0,1
1.0010513900500273,1.925739712438402,7.671664358365453,ReMultiplier,tree47,no,0,1
0.03790565523562422,0.662843081879223,0.9996516594497986,SSFrac,tree47,no,0,1
1.5107048225528876,1.5930246684885645,1.6765742920679443,Re,tree47,no,0,1
1.0001262129500972,1.9613916905734268,7.68244594008216,ReMultiplier,tree48,no,0,1
1.7903854153472615e-4,0.5783107339827246,0.9751870510536866,SSFrac,tree48,no,0,1
1.3820096017656707,1.451441621206183,1.5260860173320248,Re,tree48,no,0,1
1.0063120439707838,2.005179813499726,8.472224772587518,ReMultiplier,tree49,no,0,1
0.026708856984250868,0.5764256058464724,0.9900061410390825,SSFrac,tree49,no,0,1
1.4753776166902226,1.55039472050006,1.6380011327425006,Re,tree49,no,0,1
1.005072176601579,2.009910124394847,9.758113524333812,ReMultiplier,tree4,no,0,1
0.031956255396388536,0.7599433908975004,0.9992514425534196,SSFrac,tree4,no,0,1
1.4082290645860385,1.482765983772888,1.5541947451829465,Re,tree4,no,0,1
1.005882314286015,2.4049367373401034,7.908841392173832,ReMultiplier,tree50,no,0,1
5.221494256005604e-5,0.3235393158962391,0.9745336711230127,SSFrac,tree50,no,0,1
1.4518600947996085,1.5301139345624284,1.6041094152717317,Re,tree50,no,0,1
1.0019762459188208,2.801654449055915,12.23681938803298,ReMultiplier,tree51,no,0,1
0.0015839480256958152,0.6145147583977884,0.9583894711475018,SSFrac,tree51,no,0,1
1.460177912413409,1.5221761818475736,1.5931588742510656,Re,tree51,no,0,1
1.0055265229634458,1.9634588183174193,8.133739211200197,ReMultiplier,tree52,no,0,1
0.030111579336802172,0.7014664977492152,0.9964274043572506,SSFrac,tree52,no,0,1
1.4906021618618501,1.5621481128322814,1.6320132096861535,Re,tree52,no,0,1
1.0071086936231555,1.824849298179885,12.333858585035019,ReMultiplier,tree53,no,0,1
0.0223885091739484,0.7749793393717292,0.9998916215569539,SSFrac,tree53,no,0,1
1.4135350970661333,1.4945749906019228,1.5587737251250373,Re,tree53,no,0,1
1.0057469500718796,2.3669225450763176,9.31826994875031,ReMultiplier,tree54,no,0,1
0.0010888335294501094,0.594482282003652,0.942571461293903,SSFrac,tree54,no,0,1
1.483668123836604,1.5549340469825954,1.6254922372804468,Re,tree54,no,0,1
1.000851155894623,2.940657440067909,12.900512552253664,ReMultiplier,tree55,no,0,1
0.07118595568538513,0.6541770878493691,0.9987533918941723,SSFrac,tree55,no,0,1
1.3990550324941748,1.4827407447530518,1.549224730143497,Re,tree55,no,0,1
1.0033692403561254,1.8896343702462417,11.68450929485373,ReMultiplier,tree56,no,0,1
0.029106512805285475,0.7258445774748583,0.9959830251171172,SSFrac,tree56,no,0,1
1.4481732433192607,1.5218506025728225,1.5977378117408745,Re,tree56,no,0,1
1.0020041984753199,2.3018367849477888,7.026399390455625,ReMultiplier,tree57,no,0,1
6.514002839442558e-4,0.4857558608972851,0.9663980604124023,SSFrac,tree57,no,0,1
1.44093508434155,1.5258680339887478,1.6007613647410468,Re,tree57,no,0,1
1.0035194959467453,2.094213402116208,10.104376587849014,ReMultiplier,tree58,no,0,1
0.025776557979075774,0.7322461606033148,0.9914345764562659,SSFrac,tree58,no,0,1
1.423917997794785,1.4987150687124393,1.5673509998516213,Re,tree58,no,0,1
1.0052626392935036,4.487711221045064,15.706423660560306,ReMultiplier,tree59,no,0,1
0.0023061268867896807,0.3781729167849047,0.928261154539077,SSFrac,tree59,no,0,1
0.12561922021813043,2.7764886706445155,9.38856487319711,Re,tree59,no,0,1
1.0081006341644119,2.1649104442868548,8.837192543014776,ReMultiplier,tree5,no,0,1
1.2026820301585003e-4,0.6850672429564075,0.9726557043038023,SSFrac,tree5,no,0,1
1.4185317278459468,1.479116635285712,1.5461693606330316,Re,tree5,no,0,1
1.000301295517455,2.018516101600949,10.608017630173611,ReMultiplier,tree60,no,0,1
0.06981244896118989,0.7226532715868019,0.9967902327959284,SSFrac,tree60,no,0,1
1.4852505677849968,1.5631987023287417,1.6305824904065878,Re,tree60,no,0,1
1.0085307667198269,2.285240335955395,9.65244034545995,ReMultiplier,tree61,no,0,1
0.0035951168491978876,0.6910637305406828,0.963332953631152,SSFrac,tree61,no,0,1
1.4451356028341418,1.5197835122696723,1.5843271652137192,Re,tree61,no,0,1
1.0011018809674237,1.886992171694581,8.044286798586244,ReMultiplier,tree62,no,0,1
0.029866201265616128,0.6640849900432995,0.9958635032839563,SSFrac,tree62,no,0,1
1.3736931147179274,1.4372559468414228,1.5034954793747841,Re,tree62,no,0,1
1.0037355673418793,2.525397509053473,12.092411692265912,ReMultiplier,tree63,no,0,1
3.944915340518444e-4,0.6646663748486809,0.9606968716924772,SSFrac,tree63,no,0,1
1.4395399487848821,1.5195630077511737,1.586903787111666,Re,tree63,no,0,1
1.0011674723196362,2.420594137082933,9.29251469713832,ReMultiplier,tree64,no,0,1
3.9298517600588515e-4,0.6676811856179713,0.9692730315211191,SSFrac,tree64,no,0,1
1.3842354748483818,1.4587151754497594,1.5343657869492464,Re,tree64,no,0,1
1.0021325713753324,1.9105601062567563,10.739879087299988,ReMultiplier,tree65,no,0,1
0.03369488165996044,0.6353190131065641,0.9995939281226204,SSFrac,tree65,no,0,1
1.4171938431649838,1.4943651132310578,1.569029183874801,Re,tree65,no,0,1
1.014011021675134,3.9328613778209602,16.159379553910306,ReMultiplier,tree66,no,0,1
0.010130757779781925,0.4404531400198757,0.9387835695896334,SSFrac,tree66,no,0,1
0.12366484713583398,1.2144184131157998,3.176557675704506,Re,tree66,no,0,1
1.0024464089998408,2.959404357949566,14.133020001480766,ReMultiplier,tree67,no,0,1
0.06148160376358468,0.6288832546131236,0.9966852280294831,SSFrac,tree67,no,0,1
1.3971863071674857,1.4772458891741707,1.5435402320975578,Re,tree67,no,0,1
1.0091171033480926,2.0402776636889213,13.363840454347965,ReMultiplier,tree68,no,0,1
0.04296978770722442,0.7207854155547261,0.9986018120183071,SSFrac,tree68,no,0,1
1.4227810550257214,1.4993425801625522,1.5672657882972814,Re,tree68,no,0,1
1.0117988434065552,2.491814707820737,10.692780085644012,ReMultiplier,tree69,no,0,1
0.027239411258683684,0.6861811284846489,0.9820508978727271,SSFrac,tree69,no,0,1
1.4753291026761652,1.5414649969270406,1.6162389149212835,Re,tree69,no,0,1
1.0079870411774872,1.9493523538668065,9.752137520159367,ReMultiplier,tree6,no,0,1
0.055307937093560904,0.7412053318227003,0.998497335208965,SSFrac,tree6,no,0,1
1.429519068640702,1.5060483049512716,1.5769896410493964,Re,tree6,no,0,1
1.006286960961878,3.9565216772835115,15.156369978893718,ReMultiplier,tree70,no,0,1
0.005538841555295382,0.4739222459544174,0.9491369315725606,SSFrac,tree70,no,0,1
0.3149152709381913,1.2633436578434472,2.537120819544432,Re,tree70,no,0,1
1.0058535827423372,2.321496979275255,10.319381600763396,ReMultiplier,tree71,no,0,1
4.836027903897272e-4,0.6143815335833661,0.9712558858343405,SSFrac,tree71,no,0,1
1.4068749783408527,1.4836079495873191,1.547871520156232,Re,tree71,no,0,1
1.0305565146652267,1.9804374244436524,12.159302016668695,ReMultiplier,tree72,no,0,1
0.0432240724020497,0.7191516912386081,0.9994049968335195,SSFrac,tree72,no,0,1
1.4532479749648681,1.520588325797059,1.5901225659348242,Re,tree72,no,0,1
1.002577880426728,2.002581213510542,7.510160816499285,ReMultiplier,tree73,no,0,1
1.1537014671741669e-4,0.464535514545776,0.9608702486191532,SSFrac,tree73,no,0,1
1.4276647259685555,1.5029837523757648,1.5709972807494745,Re,tree73,no,0,1
1.0110897167465536,1.8713679243119723,7.620776866223092,ReMultiplier,tree74,no,0,1
0.001088624036487662,0.5788773005102096,0.9670092246160671,SSFrac,tree74,no,0,1
1.4493075441331391,1.5230246558749325,1.5934355739594215,Re,tree74,no,0,1
1.0188691954591766,2.732226915071791,9.62745475991137,ReMultiplier,tree75,no,0,1
0.003237185360271829,0.4067872036470538,0.9468360421849368,SSFrac,tree75,no,0,1
1.3809768442799084,1.4465966834052364,1.5225062918937105,Re,tree75,no,0,1
1.006082815518191,2.362415150046864,8.987178089138249,ReMultiplier,tree76,no,0,1
0.0014704135702827104,0.6163067796975816,0.9666514769601893,SSFrac,tree76,no,0,1
1.4200965983264795,1.4902649085177544,1.5727366897263464,Re,tree76,no,0,1
1.0092991552156803,4.49773063013199,14.423745567601133,ReMultiplier,tree77,no,0,1
0.0011515562084661723,0.40767859836469134,0.9429285687220751,SSFrac,tree77,no,0,1
0.24293242637771453,1.5239944563937682,3.2637346560793556,Re,tree77,no,0,1
1.0055662908246652,2.6812567764669133,9.865655460328105,ReMultiplier,tree78,no,0,1
0.0037001212052996625,0.6025374240354561,0.976931718022688,SSFrac,tree78,no,0,1
1.3709487488126126,1.4396514125151798,1.516648159160582,Re,tree78,no,0,1
1.009465507170662,1.7771926299980783,10.715170689517596,ReMultiplier,tree79,no,0,1
0.0012961070105640044,0.6355874020518096,0.9724570066385174,SSFrac,tree79,no,0,1
1.3929527472812715,1.461545705244815,1.5361444917899063,Re,tree79,no,0,1
1.0004789143251849,3.43704071650494,14.331923653883104,ReMultiplier,tree7,no,0,1
0.08585872926646641,0.6382301594546101,0.9999600913250742,SSFrac,tree7,no,0,1
1.4374068201805281,1.50162289456783,1.5820564783369477,Re,tree7,no,0,1
1.0066728891801953,2.2606701975584618,9.25198254791001,ReMultiplier,tree80,no,0,1
0.05326120190664694,0.6599649657956964,0.998436379274434,SSFrac,tree80,no,0,1
1.4839431984182738,1.5477958225789696,1.6276031177829633,Re,tree80,no,0,1
1.0198442878488025,2.2808410997565707,10.845656317692955,ReMultiplier,tree81,no,0,1
0.02395430791391293,0.738201320899702,0.996541166337975,SSFrac,tree81,no,0,1
1.391157241985312,1.4524296039817308,1.5226865625881658,Re,tree81,no,0,1
1.0027944751616094,2.0319186457175,12.019885925099773,ReMultiplier,tree82,no,0,1
0.06414709920312092,0.7224114524659929,0.9991397992754348,SSFrac,tree82,no,0,1
1.4524437145350293,1.532005121702885,1.607608808954365,Re,tree82,no,0,1
1.0025399794843546,2.537500308959417,9.77129692920801,ReMultiplier,tree83,no,0,1
0.027198174987772543,0.5977371634685128,0.9860275412257914,SSFrac,tree83,no,0,1
1.4433436074867059,1.511918386260805,1.592845363638772,Re,tree83,no,0,1
1.0022957046793242,2.0811873876535465,12.17444076732619,ReMultiplier,tree84,no,0,1
0.028547575838342647,0.6632341501605137,0.9999105062330603,SSFrac,tree84,no,0,1
1.4173771012478462,1.495140947912685,1.5587002282244178,Re,tree84,no,0,1
1.0082900432402382,1.8196603763242767,11.299693072549857,ReMultiplier,tree85,no,0,1
0.020692473702418366,0.6989721408041998,0.9992435068323766,SSFrac,tree85,no,0,1
1.4150959815732809,1.4777724151494314,1.5435677981499012,Re,tree85,no,0,1
1.0098533640981253,1.8863077774224708,10.574974737434932,ReMultiplier,tree86,no,0,1
0.04281600750945256,0.7000374196293698,0.9984150078486901,SSFrac,tree86,no,0,1
1.4526817161134362,1.537284128657346,1.6053563705041614,Re,tree86,no,0,1
1.0031648170978273,2.343370168568211,9.936289682761696,ReMultiplier,tree87,no,0,1
0.039266177890753665,0.6619599776738287,0.9990867563842262,SSFrac,tree87,no,0,1
1.4067723264858825,1.479377009445039,1.5523555701523495,Re,tree87,no,0,1
1.0022787541863079,2.855000063894981,11.998175500946957,ReMultiplier,tree88,no,0,1
0.05544177029714409,0.6423334608455075,0.9996564930667683,SSFrac,tree88,no,0,1
1.4141196973963361,1.4919504328771969,1.5668693183507958,Re,tree88,no,0,1
1.0022244636919762,2.7723860009955184,10.24388580989443,ReMultiplier,tree89,no,0,1
0.05248650537514178,0.6396025798750109,0.9759246193464387,SSFrac,tree89,no,0,1
1.4351377069444926,1.496669597391843,1.5566368366765055,Re,tree89,no,0,1
1.0120981548834544,2.2313755071953754,6.876459288860815,ReMultiplier,tree8,no,0,1
0.0042754091015816745,0.47872161751816605,0.9596137968349318,SSFrac,tree8,no,0,1
1.3850678495232749,1.4548086728866734,1.5292270032574538,Re,tree8,no,0,1
1.0055806583318578,1.7890200386731148,10.403724325668813,ReMultiplier,tree90,no,0,1
0.05052183588836108,0.6777535635226244,0.9998854754777451,SSFrac,tree90,no,0,1
1.423485587040269,1.4943749242791093,1.562062424120624,Re,tree90,no,0,1
1.0050338596203494,2.2812872118750374,9.35716401440797,ReMultiplier,tree91,no,0,1
0.00303188799262109,0.6405421389338661,0.9552381277515546,SSFrac,tree91,no,0,1
1.4797438612765297,1.5531298688097184,1.6260524107369114,Re,tree91,no,0,1
1.000318864785857,3.76227606197566,14.306698942372055,ReMultiplier,tree92,no,0,1
0.006865658720840847,0.44813329951996084,0.946655239146119,SSFrac,tree92,no,0,1
0.09956324961156784,1.479956007374852,3.309712129066755,Re,tree92,no,0,1
1.00377273347971,1.7311301435440454,8.775529528440975,ReMultiplier,tree93,no,0,1
0.005559733888506002,0.6022419252676979,0.9910643656551851,SSFrac,tree93,no,0,1
1.402512139484293,1.4730913593302775,1.5389587297908454,Re,tree93,no,0,1
1.0055824346740636,2.0599226788187472,10.549098045595665,ReMultiplier,tree94,no,0,1
1.1918102601096723e-4,0.682036892237823,0.9715687773151749,SSFrac,tree94,no,0,1
1.3935796838014338,1.4688236596689372,1.5495736374270297,Re,tree94,no,0,1
1.0091171033480926,2.0402776636889213,13.363840454347965,ReMultiplier,tree95,no,0,1
0.04296978770722442,0.7207854155547261,0.9986018120183071,SSFrac,tree95,no,0,1
1.4227810550257214,1.4993425801625522,1.5672657882972814,Re,tree95,no,0,1
1.0154645022788178,2.034478254685443,12.523791266181698,ReMultiplier,tree96,no,0,1
0.03380527058824307,0.6940924927448813,0.9969313598116147,SSFrac,tree96,no,0,1
1.3952074878712148,1.4535488997252637,1.5185498531183248,Re,tree96,no,0,1
1.001818260003709,2.2280042048547726,11.481220345287628,ReMultiplier,tree97,no,0,1
0.036351106593070316,0.7205925504929157,0.9964279888742512,SSFrac,tree97,no,0,1
1.3754925595168228,1.4415783375875955,1.5196682303903264,Re,tree97,no,0,1
1.0287357449382903,2.696154080699678,15.199279528571834,ReMultiplier,tree98,no,0,1
0.08001194608436496,0.6770399975241989,0.9953068189817903,SSFrac,tree98,no,0,1
1.4526768067896019,1.538585575370648,1.6100979499449113,Re,tree98,no,0,1
1.0650803954754622,3.679305771063446,12.81583270501039,ReMultiplier,tree99,no,0,1
0.0011324211885162935,0.43863490516858583,0.8157375034094279,SSFrac,tree99,no,0,1
1.4190097334699736,1.480163168617519,1.571125219911276,Re,tree99,no,0,1
1.012406985320474,2.4050998048128402,10.38480007334424,ReMultiplier,tree9,no,0,1
0.04496761466906153,0.6390108683906659,0.9981811522813531,SSFrac,tree9,no,0,1
1.4639808254617275,1.5307920381858269,1.609858335869332,Re,tree9,no,0,1
